{
  "weights": {
    "α1": 0.3415786938396712,
    "α2": 0.33633675039377003,
    "α3": 0.0026209717229506687,
    "α4": 0.31946358404360814,
    "β": 10.293339554630196
  },
  "timestamp": 1772181658222
}